%time,field.header.seq,field.header.stamp,field.header.frame_id,field.pose.pose.position.x,field.pose.pose.position.y,field.pose.pose.position.z,field.pose.pose.orientation.x,field.pose.pose.orientation.y,field.pose.pose.orientation.z,field.pose.pose.orientation.w
1714581008193199323,481,1714581000821161540,robot/map,0.9123295009939855,1.227691474409913,0.0,0.0,0.0,-0.7139649589171506,0.7001814318006665
1714581008193199323,482,1714581000921196985,robot/map,0.933291019601203,1.2391132269916851,0.0,0.0,0.0,-0.7131824087721925,0.7009784959739446
1714581008193199323,483,1714581001020559430,robot/map,0.947677068735865,1.2487921006469156,0.0,0.0,0.0,-0.7127011214500073,0.7014678264068153
1714581008193199323,484,1714581001120764540,robot/map,0.955477290833357,1.2374852883064524,0.0,0.0,0.0,-0.712173119709763,0.702003880019807
1714581008193199323,485,1714581001221050540,robot/map,0.9622326445352994,1.252289005052879,0.0,0.0,0.0,-0.7118756135311344,0.7023055680112974
1714581008193199323,486,1714581001320441540,robot/map,0.9558681842873409,1.2540544507911604,0.0,0.0,0.0,-0.7113818711912586,0.7028056867587396
1714581008193199323,487,1714581001420118985,robot/map,0.9636690098161517,1.2225642501760403,0.0,0.0,0.0,-0.7125431030493227,0.701628339148899
1714581008193199323,488,1714581001520284095,robot/map,0.9652254406539831,1.2501381977756931,0.0,0.0,0.0,-0.7121068405394423,0.7020711129628774
1714581008193199323,489,1714581001620185985,robot/map,0.9579652604613962,1.2627574099765722,0.0,0.0,0.0,-0.7110546332662296,0.7031367637313722
1714581008193199323,490,1714581001720168540,robot/map,0.9410377957145271,1.2505545632359854,0.0,0.0,0.0,-0.7112613304169968,0.7029276775411847
1714581008193199323,491,1714581001819980650,robot/map,0.9319335566332796,1.2539090024113413,0.0,0.0,0.0,-0.7116033697198343,0.7025814146441514
1714581008193199323,492,1714581001919028540,robot/map,0.9182048803716676,1.249624945424745,0.0,0.0,0.0,-0.7116992229278535,0.7024843173223795
1714581008193199323,493,1714581002019226205,robot/map,0.905171225011518,1.2292322706972152,0.0,0.0,0.0,-0.7122485844753573,0.7019273138387263
1714581008193199323,494,1714581002218396975,robot/map,0.9017315516733194,1.2175249263440011,0.0,0.0,0.0,-0.6854574185303456,0.728112716124169
1714581008193199323,495,1714581002317462310,robot/map,0.9030353591291462,1.2252474618877935,0.0,0.0,0.0,-0.6624337149725471,0.7491205332038832
1714581008193199323,496,1714581002416034870,robot/map,0.9096749370673666,1.2443657301762967,0.0,0.0,0.0,-0.6361646072773419,0.7715533633182252
1714581008193199323,497,1714581002515979315,robot/map,0.8992330414228715,1.233630382135366,0.0,0.0,0.0,-0.6085483009816854,0.7935168337044299
1714581008193199323,498,1714581002615297540,robot/map,0.8980593285276308,1.2294599633750203,0.0,0.0,0.0,-0.5809589552851512,0.8139328548928257
1714581008193199323,499,1714581002714555985,robot/map,0.9041353789255574,1.231867849582624,0.0,0.0,0.0,-0.5542367383064927,0.8323590799116571
1714581008193199323,500,1714581002814822985,robot/map,0.9006333070722591,1.2141635061189362,0.0,0.0,0.0,-0.5232194060481119,0.8521980128671158
1714581008193199323,501,1714581002914657430,robot/map,0.9005795698924427,1.2634590422397758,0.0,0.0,0.0,-0.4929773483165,0.8700421449831223
1714581008193199323,502,1714581003014396320,robot/map,0.9079927784038266,1.238031025799207,0.0,0.0,0.0,-0.4636588129289588,0.8860138290079387
1714581008193199323,503,1714581003114611320,robot/map,0.9056304114331438,1.2412519098312853,0.0,0.0,0.0,-0.4321995728322102,0.9017779822349041
1714581008193199323,504,1714581003214935875,robot/map,0.9002157119472984,1.212041450074299,0.0,0.0,0.0,-0.3997834878156975,0.9166096022134593
1714581008193199323,505,1714581003314938320,robot/map,0.9048161204017393,1.2220137518465055,0.0,0.0,0.0,-0.3691769977569593,0.9293591040750384
1714581008193199323,506,1714581003415490875,robot/map,0.9047327222445013,1.2313123498359932,0.0,0.0,0.0,-0.3356586112132102,0.9419837030004389
1714581008201098662,507,1714581003515198875,robot/map,0.9141849917066317,1.187798235597585,0.0,0.0,0.0,-0.3047657819065183,0.9524273296052085
1714581008201098662,508,1714581003614397210,robot/map,0.9045904021918689,1.2211433232760638,0.0,0.0,0.0,-0.2708576094371913,0.9626194239729271
1714581008201098662,509,1714581003714775210,robot/map,0.9068373648502442,1.238392849349211,0.0,0.0,0.0,-0.23507020107797316,0.9719783951123406
1714581008201098662,510,1714581003815189545,robot/map,0.9096108213945673,1.242651221027463,0.0,0.0,0.0,-0.20269744008608648,0.9792414144543455
1714581008201098662,511,1714581003915383100,robot/map,0.9002676534597233,1.2348706780315568,0.0,0.0,0.0,-0.16763613545141479,0.9858489367499034
1714581008201098662,512,1714581004014607990,robot/map,0.9066950074533767,1.2378203871528453,0.0,0.0,0.0,-0.13195284529516008,0.9912559944931034
1714581008201098662,513,1714581004116110100,robot/map,0.9042647940074768,1.2169004927457445,0.0,0.0,0.0,-0.09873506930059404,0.9951137553517221
1714581008201098662,514,1714581004316640545,robot/map,0.9006211925710057,1.2551195255227345,0.0,0.0,0.0,-0.040962365645711644,0.9991606900797825
1714581008201098662,515,1714581004719130215,robot/map,0.903990257166076,1.2304625475048934,0.0,0.0,0.0,-0.009870844750960896,0.9999512820252306
1714581008201098662,516,1714581004819892215,robot/map,0.9008230254011017,1.2285900912041496,0.0,0.0,0.0,-0.005537338568354136,0.9999846688232672
1714581008201098662,517,1714581005021589990,robot/map,0.9012203561354316,1.2356190112272663,0.0,0.0,0.0,-0.00135031459966391,0.9999990883248254
1714581008201098662,518,1714581005121525990,robot/map,0.8954030211264468,1.2498479439597083,0.0,0.0,0.0,0.0007478216305918196,0.9999997203813653
1714581008201098662,519,1714581005221678545,robot/map,0.8973625360624106,1.2095127127620007,0.0,0.0,0.0,-0.0009624582025012558,0.9999995368369969
1714581008201098662,520,1714581005322642210,robot/map,0.9044619947013881,1.2472580083191998,0.0,0.0,0.0,0.0027833972373246226,0.999996126342407
1714581008201098662,521,1714581005422255210,robot/map,0.9131061522701398,1.244007883949882,0.0,0.0,0.0,0.0053931921863535565,0.9999854566332658
1714581008201098662,522,1714581005522787100,robot/map,0.9211703766366861,1.2255068160397116,0.0,0.0,0.0,0.005822185539627947,0.9999830509341356
1714581008201098662,523,1714581005622854320,robot/map,0.9339140774272231,1.2260909707749117,0.0,0.0,0.0,0.007304306020199716,0.9999733232009559
1714581008201098662,524,1714581005722999320,robot/map,0.9600105532991176,1.2539977206695603,0.0,0.0,0.0,0.007790104268791169,0.999969656677382
1714581008201098662,525,1714581005822798210,robot/map,0.9865843197043719,1.2584540208663915,0.0,0.0,0.0,0.00577696500298145,0.9999833131984525
1714581008201098662,526,1714581005922570320,robot/map,1.009502939399126,1.2693694371387803,0.0,0.0,0.0,0.005366599059300853,0.9999855997035841
1714581008201098662,527,1714581006022430985,robot/map,1.041956548401656,1.2597261944988531,0.0,0.0,0.0,0.004392485515590883,0.9999903529889652
1714581008201098662,528,1714581006122587430,robot/map,1.0477705883353172,1.2646507637421804,0.0,0.0,0.0,0.004622290886977368,0.9999893171564165
1714581008201098662,529,1714581006222654430,robot/map,1.0864229037965738,1.2565191496829393,0.0,0.0,0.0,0.003298045112539983,0.9999945614344288
1714581008201098662,530,1714581006322947430,robot/map,1.113557383998486,1.2724630094125409,0.0,0.0,0.0,0.0012044691820153684,0.9999992746267317
1714581008241369036,531,1714581006422888430,robot/map,1.1305595753019695,1.2706351923526797,0.0,0.0,0.0,0.0028341756044796187,0.9999959837162562
1714581008241369036,532,1714581006522501430,robot/map,1.1466243560421847,1.256175298462348,0.0,0.0,0.0,0.0011801175877438229,0.9999993036609971
1714581008241369036,533,1714581006622152875,robot/map,1.1517355648848324,1.2628341446017552,0.0,0.0,0.0,0.0008163992030813851,0.9999996667461151
1714581008241369036,534,1714581006722489430,robot/map,1.156054281689765,1.2552410167998451,0.0,0.0,0.0,0.001471089077402628,0.9999989179478778
1714581008241369036,535,1714581006822213650,robot/map,1.16070266041584,1.2635685288295067,0.0,0.0,0.0,0.0006308594318715731,0.9999998010081688
1714581008241369036,536,1714581006922249540,robot/map,1.1623513572327795,1.2829956918847107,0.0,0.0,0.0,0.0023654807079939192,0.9999972022465964
1714581008241369036,537,1714581007021957315,robot/map,1.1608734702399657,1.2701851117971685,0.0,0.0,0.0,0.005959475419311638,0.999982242168693
1714581008241369036,538,1714581007120415760,robot/map,1.1685209150643665,1.2843426667264586,0.0,0.0,0.0,0.011047082285741581,0.9999389791247124
1714581008241369036,539,1714581007221103425,robot/map,1.1698308182526624,1.2990462247030554,0.0,0.0,0.0,0.02062055176208905,0.9997873738175668
1714581008241369036,540,1714581007320239870,robot/map,1.1716537138540208,1.339362820240639,0.0,0.0,0.0,0.03209316339354406,0.9994848817582962
1714581008241369036,541,1714581007420616980,robot/map,1.1698651721285416,1.3409248244679612,0.0,0.0,0.0,0.046152505519060444,0.9989344053712
1714581008241369036,542,1714581007519593425,robot/map,1.1683115812754352,1.3371224559978365,0.0,0.0,0.0,0.060482229544778845,0.9981692741761252
1714581008241369036,543,1714581007618652425,robot/map,1.1933983889755857,1.4227689201604388,0.0,0.0,0.0,0.07740587424051333,0.9969996643094028
1714581008241369036,544,1714581007718193980,robot/map,1.1842576359552128,1.4235365647065186,0.0,0.0,0.0,0.09837862530066747,0.9951490572190433
1714581008241369036,545,1714581007817409760,robot/map,1.1870608826423004,1.4497067535153454,0.0,0.0,0.0,0.12259520161807758,0.9924567580203295
1714581008241369036,546,1714581007917363315,robot/map,1.1823087046550143,1.5024166310828027,0.0,0.0,0.0,0.14806455676701882,0.9889776979433794
1714581008241369036,547,1714581008016438205,robot/map,1.1797718236758274,1.5048038555129277,0.0,0.0,0.0,0.17681008662850098,0.984244986406546
1714581008382340649,548,1714581008115937650,robot/map,1.1962796425130877,1.4990103495717804,0.0,0.0,0.0,0.20692775559194637,0.9783562254954377
1714581008442774551,549,1714581008215865650,robot/map,1.1988071907840718,1.4893686410102427,0.0,0.0,0.0,0.23906072577536994,0.9710046186253458
1714581008442774551,550,1714581008315532095,robot/map,1.2055483112113752,1.500285374515656,0.0,0.0,0.0,0.2731676622340743,0.9619664382448957
1714581008613942612,551,1714581008415208985,robot/map,1.1939671315809526,1.5159837539753305,0.0,0.0,0.0,0.3053775014333829,0.9522313697932369
1714581008754924010,552,1714581008514745985,robot/map,1.206932041177121,1.5047380039419294,0.0,0.0,0.0,0.3371704308883361,0.941443625786788
1714581008825456266,553,1714581008615174095,robot/map,1.2017101554546814,1.5064816042083564,0.0,0.0,0.0,0.3710322181979753,0.9286199938936756
1714581008966650848,554,1714581008715203540,robot/map,1.2021907863771322,1.5120244553444142,0.0,0.0,0.0,0.4012158812196757,0.9159835242279847
1714581009168075500,555,1714581008814829205,robot/map,1.199669345724762,1.5144424659665738,0.0,0.0,0.0,0.43385981034386073,0.9009803910010412
1714581009168075500,556,1714581008914346985,robot/map,1.208653526427878,1.5000563373474691,0.0,0.0,0.0,0.46555633147647946,0.8850182496548658
1714581009371038091,557,1714581009014068875,robot/map,1.2003260796161808,1.512748667131218,0.0,0.0,0.0,0.4956007258843853,0.8685504709013002
1714581009371038091,558,1714581009114913875,robot/map,1.1966164062714861,1.5051830666117105,0.0,0.0,0.0,0.525021278924837,0.8510891003156653
1714581009592568455,559,1714581009213965320,robot/map,1.2050449548215434,1.4881940259461186,0.0,0.0,0.0,0.5565303096840445,0.830827307208292
1714581009592568455,560,1714581009313606765,robot/map,1.2069766886889768,1.5220435578104425,0.0,0.0,0.0,0.5821712453161706,0.8130661972601119
1714581009875017723,561,1714581009414587985,robot/map,1.205270949031382,1.4858082146601606,0.0,0.0,0.0,0.6115902470142486,0.791174677145983
1714581009875017723,562,1714581009514208985,robot/map,1.1956302749210685,1.506740358525362,0.0,0.0,0.0,0.6395354456633533,0.7687616104750393
1714581010076320860,563,1714581009614115320,robot/map,1.2021430190239606,1.5079619301461182,0.0,0.0,0.0,0.6635617807958627,0.7481214895102423
1714581010076320860,564,1714581009814068990,robot/map,1.1914070485999533,1.5221739267893872,0.0,0.0,0.0,0.6907841423458816,0.7230610407728139
1714581010207214485,565,1714581010015744990,robot/map,1.2050481253780554,1.4924800609938689,0.0,0.0,0.0,0.7032809359869311,0.710912037510511
1714581010338278979,566,1714581010116351990,robot/map,1.2017456156045287,1.5041799962475242,0.0,0.0,0.0,0.7062037475041804,0.7080086630903974
1714581010449147311,567,1714581010216809990,robot/map,1.1924798013390177,1.5425701762279924,0.0,0.0,0.0,0.7059058370699147,0.7083056890853151
1714581010559942071,568,1714581010317086435,robot/map,1.1974793950075444,1.5103845884041511,0.0,0.0,0.0,0.7069280171584075,0.707285500032683
1714581010680777648,569,1714581010417668765,robot/map,1.1978934901768528,1.4977840762901224,0.0,0.0,0.0,0.7083088941443256,0.7059026211001362
1714581010841903495,570,1714581010518114210,robot/map,1.2135817015156787,1.5102699652579945,0.0,0.0,0.0,0.7083801826217916,0.7058310823906221
1714581010962662788,571,1714581010618147765,robot/map,1.2222317499058788,1.5229361455033277,0.0,0.0,0.0,0.7082420392704183,0.7059696975154665
1714581010962662788,572,1714581010717910210,robot/map,1.2582701990721852,1.5033749895721928,0.0,0.0,0.0,0.7081104256079359,0.7061017101985717
1714581011083916487,573,1714581010818015320,robot/map,1.284932039188175,1.5057790265153275,0.0,0.0,0.0,0.707959706559588,0.706252825755807
1714581011083916487,574,1714581010918203210,robot/map,1.3149107451176276,1.4945444536410277,0.0,0.0,0.0,0.7078903988950904,0.7063222941066987
1714581011164485605,575,1714581011018189985,robot/map,1.3421442459414143,1.504121867539587,0.0,0.0,0.0,0.7078424465674968,0.7063703496306596
1714581011245076966,576,1714581011118053875,robot/map,1.3592904694522452,1.5284321973748891,0.0,0.0,0.0,0.707120154044562,0.7070934080756198
1714581011365945418,577,1714581011218291985,robot/map,1.3938830039074224,1.5183267386512243,0.0,0.0,0.0,0.7066599046050421,0.7075533755297848
1714581011547218582,578,1714581011318304540,robot/map,1.4250690946697488,1.5083452700216875,0.0,0.0,0.0,0.7069083638797464,0.7073051428321866
1714581011768911812,579,1714581011417798095,robot/map,1.4439735136012626,1.5265019612946347,0.0,0.0,0.0,0.7062604677953241,0.7079520828626256
1714581011950159621,580,1714581011517329985,robot/map,1.4646668086532295,1.5112662686019658,0.0,0.0,0.0,0.7067378242880572,0.70747554566966
1714581011950159621,581,1714581011617397095,robot/map,1.4650477305704293,1.543072963029874,0.0,0.0,0.0,0.7048742770200449,0.7093322589558922
1714581011950159621,582,1714581011716626985,robot/map,1.4637695965480402,1.5281629813515927,0.0,0.0,0.0,0.7054907918611143,0.708719085815514
1714581012051004833,583,1714581011817375540,robot/map,1.4636795630386326,1.5293491537975437,0.0,0.0,0.0,0.7056383967200874,0.7085721227047423
1714581012131580837,584,1714581011917540430,robot/map,1.4565899662065376,1.5223772134542533,0.0,0.0,0.0,0.7063816397945646,0.7078311797039899
1714581012212144861,585,1714581012017378095,robot/map,1.4391536489118089,1.524453158595294,0.0,0.0,0.0,0.7062716247043722,0.707940952437028
1714581012322919099,586,1714581012117113985,robot/map,1.4240351599372518,1.515081523648316,0.0,0.0,0.0,0.706013737922121,0.708198137434175
1714581012433926965,587,1714581012217068985,robot/map,1.41603330479238,1.5113237969055562,0.0,0.0,0.0,0.7057979887069449,0.7084131556776958
1714581012534676729,588,1714581012316593430,robot/map,1.3992558214104172,1.5115969646471714,0.0,0.0,0.0,0.7063504065180681,0.7078623476437773
1714581012645419971,589,1714581012417066985,robot/map,1.3967852519264925,1.5114167467488442,0.0,0.0,0.0,0.705925103371866,0.708286487538355
1714581012786432644,590,1714581012515989535,robot/map,1.3922391338579256,1.497702788705131,0.0,0.0,0.0,0.7127896447355043,0.7013778741575996
1714581012907168691,591,1714581012614836645,robot/map,1.3862143110953788,1.528483658404634,0.0,0.0,0.0,0.736121057818263,0.676849900817398
1714581013028028467,592,1714581012714673870,robot/map,1.3897682038530332,1.4935236116475565,0.0,0.0,0.0,0.7604457358438882,0.6494014804701691
1714581013028028467,593,1714581012814440315,robot/map,1.3926667907636356,1.4996505891707412,0.0,0.0,0.0,0.7806023626533016,0.6250279605106346
1714581013169023676,594,1714581012913858650,robot/map,1.3954602065996558,1.5011542908113358,0.0,0.0,0.0,0.8026142364875005,0.5964984387134525
1714581013169023676,595,1714581013013670095,robot/map,1.3912602478263731,1.5206663799898619,0.0,0.0,0.0,0.8227005714034175,0.5684749509103196
1714581013309947800,596,1714581013113346540,robot/map,1.3953966275378287,1.4979338117694472,0.0,0.0,0.0,0.8415789985184943,0.540134047485074
1714581013471027607,597,1714581013212939650,robot/map,1.3887313839522135,1.5051923250907724,0.0,0.0,0.0,0.8605109702505045,0.5094319091679822
1714581013531559614,598,1714581013412773540,robot/map,1.383662652410567,1.515442972222322,0.0,0.0,0.0,0.8895304866221116,0.4568758183246618
1714581013652415512,599,1714581013511763095,robot/map,1.3984308685300615,1.4831503729472533,0.0,0.0,0.0,0.9039119235141098,0.4277186394453978
1714581014186136939,600,1714581013611907985,robot/map,1.3920110271515287,1.511013474048022,0.0,0.0,0.0,0.9182489525142575,0.39600361261795186
1714581014186136939,601,1714581013712304765,robot/map,1.3947391746805113,1.4969701734440088,0.0,0.0,0.0,0.9314035817725452,0.3639881424734514
1714581014186136939,602,1714581013811803875,robot/map,1.3926180316217363,1.5041209137533476,0.0,0.0,0.0,0.9431607492484053,0.332336878900291
1714581014186136939,603,1714581013912380875,robot/map,1.3897025290474574,1.5144247025147155,0.0,0.0,0.0,0.9540128505056406,0.29976571029739596
1714581014266781089,604,1714581014012530875,robot/map,1.3920870369987663,1.521666095920807,0.0,0.0,0.0,0.9636607368578007,0.2671291527308104
1714581014266781089,605,1714581014111983430,robot/map,1.3958872276164465,1.5146671096939184,0.0,0.0,0.0,0.9723913490577782,0.23335608900903798
1714581014377564257,606,1714581014212120875,robot/map,1.396800621054341,1.4899176852487919,0.0,0.0,0.0,0.9803808751459783,0.19711250505233255
1714581014478337778,607,1714581014311435320,robot/map,1.3966838476701382,1.5015566866036618,0.0,0.0,0.0,0.9865718030593481,0.16332812803747837
1714581014548835232,608,1714581014411989210,robot/map,1.3964566319264649,1.506167591610997,0.0,0.0,0.0,0.991456406957885,0.13043846481065605
1714581014689790516,609,1714581014512958320,robot/map,1.3900111548712697,1.51165874801575,0.0,0.0,0.0,0.9954847198058715,0.09492192914719741
1714581014820694053,610,1714581014612553655,robot/map,1.3868911363301664,1.5195426024549081,0.0,0.0,0.0,0.9980920589420246,0.06174335492075269
1714581014971742449,611,1714581014712551545,robot/map,1.39467268179401,1.5022470555183347,0.0,0.0,0.0,0.9991801117209582,0.04048585359472531
1714581015566025777,612,1714581014812801435,robot/map,1.3932298314214642,1.5310891156895727,0.0,0.0,0.0,0.9996206508124241,0.027541867571857573
1714581015566025777,613,1714581015013639435,robot/map,1.3974628945612262,1.5068232407613118,0.0,0.0,0.0,0.9999129116927866,0.013197311470658127
1714581015566025777,614,1714581015114368435,robot/map,1.3973472860917633,1.5097203575653135,0.0,0.0,0.0,0.9999526308791298,0.009733241901181673
1714581015566025777,615,1714581015214667990,robot/map,1.396283790637936,1.5060049121718906,0.0,0.0,0.0,0.9999742598644691,0.007174929163916843
1714581016120218825,616,1714581015314889655,robot/map,1.3938513381197433,1.4953253625730576,0.0,0.0,0.0,0.9999902934101158,0.004406028319306905
1714581016120218825,617,1714581015415366990,robot/map,1.396528466677007,1.5093988203477051,0.0,0.0,0.0,0.9999881531622339,0.0048676005572290655
1714581016120218825,618,1714581015515967210,robot/map,1.3897322121476328,1.5193580800582838,0.0,0.0,0.0,0.9999864799387267,0.0051999942071662576
1714581016120218825,619,1714581015615811765,robot/map,1.3992780623162604,1.499668304774245,0.0,0.0,0.0,0.9999940191585657,0.003458561420321362
1714581016120218825,620,1714581015715730875,robot/map,1.4002133574914941,1.4932123807843556,0.0,0.0,0.0,0.99999232488348,0.003917929827419637
1714581016200814955,621,1714581015815987095,robot/map,1.423304397008257,1.507120773559828,0.0,0.0,0.0,0.9999850496390167,0.0054681348239876745
1714581016200814955,622,1714581015914949540,robot/map,1.4441675685018684,1.493433363508476,0.0,0.0,0.0,0.9999793305695297,0.006429497158816081
1714581016200814955,623,1714581016016010205,robot/map,1.471797733246627,1.5045884974194994,0.0,0.0,0.0,0.9999731000088784,0.0073347977909209005
1714581016271319429,624,1714581016115033205,robot/map,1.4944771391349068,1.5165746389291979,0.0,0.0,0.0,0.9999690860251863,0.007863014304550482
1714581016372075890,625,1714581016214818650,robot/map,1.5211512589810994,1.5018595352807322,0.0,0.0,0.0,0.9999816968511847,0.006050286160623712
1714581016452664051,626,1714581016314683760,robot/map,1.5468243173809146,1.5084543900346803,0.0,0.0,0.0,0.9999814454687189,0.006091692563768501
1714581016543430393,627,1714581016414456315,robot/map,1.5787053720523232,1.5040366608984024,0.0,0.0,0.0,0.999981630796625,0.0060611937209031005
1714581016664390421,628,1714581016513656760,robot/map,1.5932707618304929,1.5262537325640606,0.0,0.0,0.0,0.9999804086059668,0.006259584989732886
1714581016775127283,629,1714581016613505205,robot/map,1.6176945432854,1.5298984550944836,0.0,0.0,0.0,0.9999884771211862,0.004800585886204891
1714581016865791359,630,1714581016712676760,robot/map,1.6480898188836404,1.5123290898623531,0.0,0.0,0.0,0.9999878718612796,0.0049250513042050645
1714581016977081480,631,1714581016812687315,robot/map,1.6464110478067857,1.504740460129368,0.0,0.0,0.0,0.9999970664829947,0.002422194336770504
1714581017571227248,632,1714581016911873760,robot/map,1.6558466835059695,1.513939214908351,0.0,0.0,0.0,0.9999952005235465,0.003098213980994286
1714581017571227248,633,1714581017011381760,robot/map,1.647011074310491,1.5216860058026371,0.0,0.0,0.0,0.9999936803908717,0.003555162207157862
1714581017571227248,634,1714581017111071650,robot/map,1.6518601246098716,1.500410706906362,0.0,0.0,0.0,0.9999897725459501,0.0045226986964467175
1714581017571227248,635,1714581017210913205,robot/map,1.6480699661549385,1.5198669942835605,0.0,0.0,0.0,0.999923524658791,0.012367086720011813
1714581017742393139,636,1714581017310498205,robot/map,1.6465399420673563,1.4874015355187857,0.0,0.0,0.0,0.9998201387814974,0.01896549727656176
1714581017742393139,637,1714581017410495760,robot/map,1.6495025475601348,1.4852869002000504,0.0,0.0,0.0,0.9995583920185879,0.029715668345420262
1714581017893473659,638,1714581017509913315,robot/map,1.641278223670459,1.4807994107021991,0.0,0.0,0.0,0.9990630339385042,0.04327879639721094
1714581017893473659,639,1714581017609449650,robot/map,1.6519418095604783,1.4223857504444544,0.0,0.0,0.0,0.9984463177093436,0.05572208406594862
1714581018004594042,640,1714581017709302205,robot/map,1.645209618548397,1.4298916512271784,0.0,0.0,0.0,0.9972190368973648,0.07452645469557961
1714581018004594042,641,1714581017808324315,robot/map,1.6470007071326218,1.4127591069659544,0.0,0.0,0.0,0.9955891457627882,0.09382032210199212
1714581018075099727,642,1714581017908485315,robot/map,1.6579557135454353,1.3523342188085692,0.0,0.0,0.0,0.9935132944969115,0.11371602199291533
1714581018145556604,643,1714581018007645650,robot/map,1.653990147475328,1.312053936697181,0.0,0.0,0.0,0.9905278284747171,0.13731212989813177
1714581018236226286,644,1714581018107733315,robot/map,1.65993310726915,1.2746379240379735,0.0,0.0,0.0,0.9865457629519135,0.16348534369057902
1714581018407327173,645,1714581018207127315,robot/map,1.6664463371792355,1.2462747649838601,0.0,0.0,0.0,0.9812095658055744,0.19294503873288932
1714581018608841411,646,1714581018306527315,robot/map,1.6672732927692482,1.2053957698589894,0.0,0.0,0.0,0.9746082456615441,0.22391687629235835
1714581018608841411,647,1714581018406137870,robot/map,1.6671063653009544,1.158323371033031,0.0,0.0,0.0,0.9669719873405735,0.2548826704556857
1714581018749887693,648,1714581018505827760,robot/map,1.669632525272427,1.138618509148774,0.0,0.0,0.0,0.9574348700015797,0.28864938888738056
1714581018870806078,649,1714581018605048425,robot/map,1.6654926245612955,1.0817684514145078,0.0,0.0,0.0,0.9476288616266945,0.3193736692529537
1714581019042074639,650,1714581018704240315,robot/map,1.6664669097767764,1.0439016335941285,0.0,0.0,0.0,0.9362475873814632,0.3513409385801624
1714581019042074639,651,1714581018804112980,robot/map,1.668166388166121,1.0062581007498987,0.0,0.0,0.0,0.9237945774163406,0.3828884677502897
1714581019173028423,652,1714581018903599760,robot/map,1.6515510811938445,0.9939628869275499,0.0,0.0,0.0,0.9059734107271835,0.4233345946829221
1714581019273771166,653,1714581019003377425,robot/map,1.6623049386754356,0.9173905439638321,0.0,0.0,0.0,0.8896121489632413,0.4567167879736892
1714581019404642055,654,1714581019102831870,robot/map,1.6571742875243873,0.8770155582891908,0.0,0.0,0.0,0.8738825707667598,0.4861370717298558
1714581019404642055,655,1714581019202102205,robot/map,1.6571969045127999,0.8481575627766997,0.0,0.0,0.0,0.8568219184063579,0.5156124514967113
1714581021701082442,656,1714581021397722540,robot/map,1.831841170724846,0.6811545508719092,0.0,0.0,0.0,0.7006256173001496,0.7135290774613073
1714581021781648957,657,1714581021497739205,robot/map,1.8401781683673744,0.6869357502029084,0.0,0.0,0.0,0.7010018185254457,0.7131594845643
1714581021781648957,658,1714581021597226650,robot/map,1.8517864352580349,0.6925134598772787,0.0,0.0,0.0,0.7022958767851477,0.7118851743438549
1714581021852353661,659,1714581021696720095,robot/map,1.8437157310194618,0.6807274320250218,0.0,0.0,0.0,0.7027054991560309,0.711480837026461
1714581021983266797,660,1714581021796773315,robot/map,1.84770185600866,0.6886925448965402,0.0,0.0,0.0,0.701374294633999,0.7127931669331997
1714581027424882480,661,1714581027289159870,robot/map,1.7798672297708433,0.7292743422986695,0.0,0.0,0.0,-0.6442149876309737,0.7648444611237138
1714581027545789026,662,1714581027388541760,robot/map,1.7823473413076854,0.750323001357115,0.0,0.0,0.0,-0.6355921105352571,0.7720250442993009
1714581027727005765,663,1714581027587950540,robot/map,1.78240813192058,0.8105178746121959,0.0,0.0,0.0,-0.6125161550947813,0.7904580695697311
1714581027988936230,664,1714581027787644985,robot/map,1.7635530401338628,0.8559773084989295,0.0,0.0,0.0,-0.5816557156861006,0.8134350794068879
1714581028039242560,665,1714581027887629095,robot/map,1.7627462927092141,0.8811253907578384,0.0,0.0,0.0,-0.5616146814478086,0.8273989059590764
1714581028129943613,666,1714581027987393320,robot/map,1.757450338488432,0.9160265578037873,0.0,0.0,0.0,-0.539341752907864,0.8420869750627143
1714581028260802704,667,1714581028087029540,robot/map,1.7640285703104797,0.9665895640522755,0.0,0.0,0.0,-0.5169163532780799,0.8560359126308261
1714581028361614275,668,1714581028187206985,robot/map,1.755590444265948,1.002996436016942,0.0,0.0,0.0,-0.48911551989226265,0.8722190138953184
1714581028452261259,669,1714581028286117320,robot/map,1.7427684913913792,1.0284822998945498,0.0,0.0,0.0,-0.45833161530438116,0.8887812612856308
1714581028522779776,670,1714581028386444430,robot/map,1.744699772105715,1.0717098346403333,0.0,0.0,0.0,-0.43180076261545397,0.9019690135501953
1714581028653593557,671,1714581028486444430,robot/map,1.7337738371660971,1.1079779406190589,0.0,0.0,0.0,-0.4037211010370583,0.914882108567779
1714581028703974989,672,1714581028586778430,robot/map,1.7433728116846794,1.1330038326664609,0.0,0.0,0.0,-0.37048831241332825,0.9288371280074479
1714581028794544552,673,1714581028686357540,robot/map,1.7421904955098884,1.1499761374409398,0.0,0.0,0.0,-0.338348653570045,0.9410208226321762
1714581028905366614,674,1714581028786028540,robot/map,1.7362714838718416,1.1575437775003958,0.0,0.0,0.0,-0.30346203128298993,0.952843531525298
1714581028995966810,675,1714581028885248430,robot/map,1.7373373280408548,1.1879564867662926,0.0,0.0,0.0,-0.27209447882838295,0.962270541267429
1714581029106563785,676,1714581028985988430,robot/map,1.7355495724183627,1.1905002450820115,0.0,0.0,0.0,-0.23840493796863815,0.9711658383366714
1714581029197189577,677,1714581029085524985,robot/map,1.7406277803517087,1.1969455978949886,0.0,0.0,0.0,-0.20460161799762064,0.97884532890174
1714581029287978217,678,1714581029185524430,robot/map,1.7373562450998463,1.2043866937797514,0.0,0.0,0.0,-0.17211961582544907,0.985076056885
1714581029408922943,679,1714581029285607875,robot/map,1.7320161559701697,1.2058260667874785,0.0,0.0,0.0,-0.13671461129404774,0.9906104759484009
1714581029499610192,680,1714581029385631985,robot/map,1.728499281833398,1.2071581709224135,0.0,0.0,0.0,-0.10215554217344675,0.9947684379810455
1714581029690947595,681,1714581029585608985,robot/map,1.7365375821835374,1.2091454356424756,0.0,0.0,0.0,-0.04546380739818975,0.9989659865164882
1714581029781513328,682,1714581029685271430,robot/map,1.7350492244329128,1.2126746208655157,0.0,0.0,0.0,-0.010751976715760109,0.9999421958276907
1714581029892177428,683,1714581029785334650,robot/map,1.7375229583876692,1.209232292476632,0.0,0.0,0.0,0.02476611163119662,0.9996932728165531
1714581029982904591,684,1714581029884598650,robot/map,1.7391846082153837,1.2003985376886868,0.0,0.0,0.0,0.05987044145760845,0.9982061561820139
1714581030103797149,685,1714581029984867320,robot/map,1.7274589735200216,1.2119661373070767,0.0,0.0,0.0,0.09441954641372899,0.995532495328518
1714581030184348122,686,1714581030084504320,robot/map,1.728537777447894,1.2188652953529815,0.0,0.0,0.0,0.128874447010061,0.9916609183122278
1714581030305167772,687,1714581030185035655,robot/map,1.7313453806361874,1.1854951836084562,0.0,0.0,0.0,0.1629583756580819,0.9866329448193383
1714581030395816082,688,1714581030284372320,robot/map,1.7330829113890898,1.2065321176051982,0.0,0.0,0.0,0.19705632657433925,0.9803921685514564
1714581030567218021,689,1714581030384992320,robot/map,1.7394495175201845,1.2081043340460573,0.0,0.0,0.0,0.23153198065435632,0.9728272929632837
1714581030607542257,690,1714581030485032320,robot/map,1.7405461441943475,1.2023677420448422,0.0,0.0,0.0,0.26491354110723553,0.9642721689118819
1714581030688213711,691,1714581030585049320,robot/map,1.734900164777779,1.221168412304891,0.0,0.0,0.0,0.2980624356358378,0.9545463762766229
1714581030789281351,692,1714581030684997430,robot/map,1.735286378792975,1.2090955417225422,0.0,0.0,0.0,0.33185328402295533,0.9433310118315732
1714581030910299323,693,1714581030784234210,robot/map,1.7351700483572159,1.216056693238748,0.0,0.0,0.0,0.3631575305032146,0.9317277542494947
1714581031011022649,694,1714581030885485765,robot/map,1.736743442864967,1.2025445028274342,0.0,0.0,0.0,0.39714665199107274,0.9177551616919851
1714581031131979046,695,1714581030985521765,robot/map,1.7416244483548948,1.2048787093045241,0.0,0.0,0.0,0.4288694488626195,0.9033664792498518
1714581031272963775,696,1714581031085821545,robot/map,1.7419108363083442,1.2011286512393338,0.0,0.0,0.0,0.4595247138832423,0.8881649831706518
1714581031333349406,697,1714581031185778765,robot/map,1.7381369640692326,1.199536776230043,0.0,0.0,0.0,0.4921164923114512,0.8705293550450056
1714581031424053155,698,1714581031286349210,robot/map,1.7366746525662435,1.2002375468376536,0.0,0.0,0.0,0.5223204678254527,0.8527492766872337
1714581031524714477,699,1714581031385473765,robot/map,1.7429086831443983,1.2065123975981227,0.0,0.0,0.0,0.5500617380450635,0.8351239933919058
1714581031695914270,700,1714581031486180430,robot/map,1.739015149357587,1.217460799929323,0.0,0.0,0.0,0.5792180506331938,0.8151726503144491
1714581031736138450,701,1714581031586524875,robot/map,1.7323943010528358,1.2089456342454166,0.0,0.0,0.0,0.6070933703883534,0.7946305050968717
1714581031857024363,702,1714581031686285540,robot/map,1.7322920178547054,1.1999757989260411,0.0,0.0,0.0,0.6340656388804414,0.7732792287337982
1714581032078714967,703,1714581031886118210,robot/map,1.7402110211916881,1.2123369286685353,0.0,0.0,0.0,0.6752838593652851,0.7375579362197425
1714581032129080027,704,1714581031985880210,robot/map,1.7416521408302434,1.2031830678980286,0.0,0.0,0.0,0.6882099717162299,0.7255115676750757
1714581032219724665,705,1714581032086500100,robot/map,1.745547932608019,1.2075942369793273,0.0,0.0,0.0,0.6942863146716108,0.7196989045842108
1714581032300281926,706,1714581032186876545,robot/map,1.7303595359393784,1.211217936963877,0.0,0.0,0.0,0.6980928244052663,0.7160072684783849
1714581032411088751,707,1714581032287385655,robot/map,1.736507309709688,1.210206105718397,0.0,0.0,0.0,0.7003960167127293,0.7137544534172394
1714581032501857773,708,1714581032387308990,robot/map,1.7324621942405727,1.2167257437687693,0.0,0.0,0.0,0.7011027323335826,0.7130602770554428
1714581032602569247,709,1714581032487790655,robot/map,1.7435207317284267,1.2108695665668208,0.0,0.0,0.0,0.7009751359164436,0.713185711317132
1714581032693473161,710,1714581032588349210,robot/map,1.7372155005020893,1.2060382316603713,0.0,0.0,0.0,0.7038938885397158,0.7103051412431407
1714581032794156774,711,1714581032688057655,robot/map,1.7499282049291305,1.2181754735093435,0.0,0.0,0.0,0.7042885707082871,0.7099138040422076
1714581033036251608,712,1714581032788177765,robot/map,1.7652246778463734,1.2142785322443963,0.0,0.0,0.0,0.705787175441516,0.7084239288605988
1714581033137070572,713,1714581032888313765,robot/map,1.7942823157762444,1.2164318125707152,0.0,0.0,0.0,0.706415441896522,0.707797445213065
1714581033218909673,714,1714581032988299210,robot/map,1.8223278591490695,1.2133965115062166,0.0,0.0,0.0,0.7070822818531121,0.7071312796711768
1714581033218909673,715,1714581033088673875,robot/map,1.8496033563753982,1.2202197142496525,0.0,0.0,0.0,0.7073054890335339,0.7069080174839111
1714581033319550131,716,1714581033188797985,robot/map,1.8700588714466775,1.218123965424976,0.0,0.0,0.0,0.707683683795559,0.7065294075192817
1714581033390008982,717,1714581033288344650,robot/map,1.8781148439705115,1.2145513637516523,0.0,0.0,0.0,0.7077864460181434,0.7064264624382397
1714581033511072431,718,1714581033388474095,robot/map,1.8759353889684525,1.215917926774445,0.0,0.0,0.0,0.7077998394306801,0.7064130429868233
1714581033591583617,719,1714581033487410320,robot/map,1.8920552151668326,1.2131041242212788,0.0,0.0,0.0,0.7079654038494707,0.7062471146505703
1714581033712376915,720,1714581033588304095,robot/map,1.8843061613930738,1.2107870052905525,0.0,0.0,0.0,0.7079998109231241,0.70621262218458
1714581033803002949,721,1714581033688028985,robot/map,1.8585930672634707,1.2150782248594043,0.0,0.0,0.0,0.7083454338665346,0.7058659549237595
1714581033984452698,722,1714581033787969430,robot/map,1.8484432510962567,1.2230437788696589,0.0,0.0,0.0,0.7076585773892801,0.7065545540489994
1714581034185826308,723,1714581033887876875,robot/map,1.8297073836953683,1.211611399822047,0.0,0.0,0.0,0.7084084619474249,0.7058026997973894
1714581034326793029,724,1714581033987759755,robot/map,1.8278813872107218,1.2128307083418,0.0,0.0,0.0,0.7186222468176675,0.6954006516956447
1714581034326793029,725,1714581034087063090,robot/map,1.8295003920794675,1.212892133693496,0.0,0.0,0.0,0.7429985347871189,0.6692930429223021
1714581034759720502,726,1714581034185236000,robot/map,1.833501551021842,1.2100218996687317,0.0,0.0,0.0,0.7655635255907322,0.643360309845959
1714581034759720502,727,1714581034285463760,robot/map,1.829978224012528,1.2156168482272989,0.0,0.0,0.0,0.7874052510268527,0.6164356987191277
1714581034759720502,728,1714581034385267650,robot/map,1.8279503547354965,1.2152094021416362,0.0,0.0,0.0,0.8079885249936355,0.5891982208718974
1714581034759720502,729,1714581034484443540,robot/map,1.8315003108873378,1.2203315662755465,0.0,0.0,0.0,0.8275205104166369,0.5614354859107044
1714581034981371084,730,1714581034884529985,robot/map,1.8289171903933774,1.2140763874128044,0.0,0.0,0.0,0.8926536681452302,0.450743196007289
1714581035102171673,731,1714581034984578875,robot/map,1.833413198692339,1.2302903172484525,0.0,0.0,0.0,0.9065717707994178,0.42205168450037955
1714581035182714150,732,1714581035084815985,robot/map,1.8349358114639793,1.2098227960336294,0.0,0.0,0.0,0.9217690127102834,0.38773945789293784
1714581035283357763,733,1714581035184458430,robot/map,1.8350409203505325,1.2011034198526214,0.0,0.0,0.0,0.9349199298217552,0.3548587392499785
1714581035394088021,734,1714581035284863210,robot/map,1.8323774598747726,1.2197825830022384,0.0,0.0,0.0,0.9468088038676322,0.3217966577184164
1714581035484755590,735,1714581035384253765,robot/map,1.8278660362596024,1.2176329562359713,0.0,0.0,0.0,0.95691366296839,0.2903725910350673
1714581035786928649,736,1714581035684963985,robot/map,1.8340564599219507,1.214330843350294,0.0,0.0,0.0,0.9818916329461452,0.18944345106218982
1714581036008554010,737,1714581035884247875,robot/map,1.8278453478777097,1.218989502044732,0.0,0.0,0.0,0.9928835204584813,0.1190895243166774
1714581036159573586,738,1714581035984147875,robot/map,1.827215749567815,1.2089676298736554,0.0,0.0,0.0,0.9964112078751964,0.08464457939343803
1714581036220004352,739,1714581036084225210,robot/map,1.8276297779787045,1.2165307027712131,0.0,0.0,0.0,0.9987527931207956,0.04992853125627904
1714581036310572943,740,1714581036184515655,robot/map,1.8338112591580278,1.2068210949673202,0.0,0.0,0.0,0.9999019922902773,0.01400020763897088
1714581036401111464,741,1714581036284513320,robot/map,1.8307878450868205,1.2118743350884733,0.0,0.0,0.0,-0.9998130933641329,0.019333347812615188
1714581036512091953,742,1714581036383536655,robot/map,1.826853816888906,1.222017826822815,0.0,0.0,0.0,-0.9985819466958777,0.0532362257590743
1714581036592615911,743,1714581036484513655,robot/map,1.834742647186953,1.1980153806678127,0.0,0.0,0.0,-0.9959036574169889,0.09042071191637872
1714581036794078123,744,1714581036685212765,robot/map,1.8301954082177228,1.2154093893929865,0.0,0.0,0.0,-0.9892619670915159,0.1461532088810388
1714581036935070598,745,1714581036785141320,robot/map,1.830483113651537,1.2132848129230636,0.0,0.0,0.0,-0.9833528018222919,0.18170654129185446
1714581036995449357,746,1714581036885581320,robot/map,1.8288838003415602,1.2095208357970946,0.0,0.0,0.0,-0.9766219022518992,0.2149643227186361
1714581037096164095,747,1714581036985361430,robot/map,1.8353993550204968,1.2219362641339848,0.0,0.0,0.0,-0.96848694070379,0.24906434045485812
1714581037186771665,748,1714581037085405875,robot/map,1.8287005921374857,1.2257909165081107,0.0,0.0,0.0,-0.9594165394605776,0.2819927371573422
1714581037337919855,749,1714581037185206985,robot/map,1.8396337899419088,1.2158683593591202,0.0,0.0,0.0,-0.9494435429735153,0.3139378261788448
1714581037408286350,750,1714581037285483095,robot/map,1.8395142307343892,1.2160423332848505,0.0,0.0,0.0,-0.9379207541881163,0.3468496199553853
1714581037488862664,751,1714581037384763875,robot/map,1.8328573636233332,1.2178299612485108,0.0,0.0,0.0,-0.9246581319328514,0.380798291816612
1714581037599632493,752,1714581037484813985,robot/map,1.8267974139156262,1.2224736060218362,0.0,0.0,0.0,-0.9115480729385221,0.41119351979580937
1714581037690199810,753,1714581037585065320,robot/map,1.8312811099657993,1.2156767875040047,0.0,0.0,0.0,-0.8967214775240431,0.4425952911488069
1714581037780901389,754,1714581037685154875,robot/map,1.825361699678689,1.2216410573018233,0.0,0.0,0.0,-0.8801174377858704,0.4747560380924445
1714581037901716085,755,1714581037785096320,robot/map,1.8387729515405018,1.2177396283572584,0.0,0.0,0.0,-0.8636227847978971,0.5041385579162985
1714581037992238025,756,1714581037884744765,robot/map,1.841377743381544,1.2096701784102706,0.0,0.0,0.0,-0.8448498209438537,0.5350035327464093
1714581038123107646,757,1714581037984659765,robot/map,1.8257140608064408,1.2251597712213944,0.0,0.0,0.0,-0.8263145377971469,0.5632089173877554
1714581038193611941,758,1714581038084832875,robot/map,1.8339168093862543,1.2238174980620624,0.0,0.0,0.0,-0.8058361296236956,0.5921386089363727
1714581038294294825,759,1714581038184879210,robot/map,1.8312219938439638,1.219185966724972,0.0,0.0,0.0,-0.7848565639843019,0.6196774757652205
1714581038395093674,760,1714581038284713210,robot/map,1.8265981395329778,1.2027584915816867,0.0,0.0,0.0,-0.7627411490780907,0.6467039040418991
1714581038506104935,761,1714581038385151100,robot/map,1.8389733032579478,1.2254098338297843,0.0,0.0,0.0,-0.7432663727148716,0.66899558981452
1714581038596781358,762,1714581038485251550,robot/map,1.8401879865890298,1.2116687875575347,0.0,0.0,0.0,-0.7374944496059197,0.6753531941143549
1714581038727697214,763,1714581038586856770,robot/map,1.827968291841455,1.2145646069817355,0.0,0.0,0.0,-0.7374399923826375,0.675412657295298
1714581038798150155,764,1714581038687018435,robot/map,1.8422224848078503,1.2222238421712583,0.0,0.0,0.0,-0.7419890303996542,0.6704120216453319
1714581038969329555,765,1714581038787806435,robot/map,1.8565941311689402,1.2251997721706724,0.0,0.0,0.0,-0.7453514956275071,0.6666716942887543
1714581038999596513,766,1714581038888260545,robot/map,1.858617505030948,1.2372333729648157,0.0,0.0,0.0,-0.7508199354594225,0.6605069450934704
1714581039090316505,767,1714581038988416100,robot/map,1.877421919409537,1.2387645535313643,0.0,0.0,0.0,-0.7565315338461984,0.6539572144233278
1714581039191020641,768,1714581039088602210,robot/map,1.8933256455139371,1.2304153647720186,0.0,0.0,0.0,-0.7642913377741635,0.6448711119311978
1714581039291729468,769,1714581039188590210,robot/map,1.9125623043090114,1.2369243600246451,0.0,0.0,0.0,-0.7746710047348954,0.6323644790965316
1714581039402463424,770,1714581039289578655,robot/map,1.940844755408345,1.2523218675204495,0.0,0.0,0.0,-0.7861838030262154,0.6179927409438051
1714581039493435205,771,1714581039389040765,robot/map,1.9632407728444872,1.2706720092373298,0.0,0.0,0.0,-0.7993261468339057,0.6008974213521484
1714581039644393685,772,1714581039489626655,robot/map,2.0083629428708583,1.2892478803660885,0.0,0.0,0.0,-0.8138165662546899,0.5811218430668614
1714581039735334602,773,1714581039589528100,robot/map,2.038751921840796,1.3030203535408627,0.0,0.0,0.0,-0.8286676750293072,0.559740908243736
1714581039866235735,774,1714581039690409100,robot/map,2.083216371695904,1.303321923804872,0.0,0.0,0.0,-0.8424290787951925,0.5388072449404179
1714581039967014410,775,1714581039790119545,robot/map,2.1156740170668784,1.327674114904665,0.0,0.0,0.0,-0.8587581568666374,0.5123811354987767
1714581040098005416,776,1714581039890501435,robot/map,2.137227046723475,1.3403626353516707,0.0,0.0,0.0,-0.8754237394757926,0.4833562623595764
1714581040309474811,777,1714581039991079990,robot/map,2.1767738327267234,1.3430994043425306,0.0,0.0,0.0,-0.8911862022908603,0.4536376889615697
1714581040601597174,778,1714581040091149545,robot/map,2.2180480729696086,1.339717925176446,0.0,0.0,0.0,-0.9055329086962555,0.4242760319274459
1714581040601597174,779,1714581040191860875,robot/map,2.2506054509573503,1.3581461417487166,0.0,0.0,0.0,-0.9194033932303564,0.3933159042252255
1714581040722527036,780,1714581040292103655,robot/map,2.2795791418719116,1.3676885480365972,0.0,0.0,0.0,-0.9323183984994181,0.3616384988071378
1714581040722527036,781,1714581040391940655,robot/map,2.3165725282631318,1.3832954593072713,0.0,0.0,0.0,-0.9446801059615448,0.3279931362094099
1714581040722527036,782,1714581040492155100,robot/map,2.3572444228396456,1.3908975588181123,0.0,0.0,0.0,-0.9548940523257586,0.29694671042611553
1714581040843387744,783,1714581040591784435,robot/map,2.380731817976395,1.3991498916806548,0.0,0.0,0.0,-0.964054448877323,0.26570476021298745
1714581040843387744,784,1714581040692876545,robot/map,2.41764475845906,1.4208712526489007,0.0,0.0,0.0,-0.9752353585074997,0.2211696080313673
1714581040954291342,785,1714581040793156435,robot/map,2.451726830776621,1.4212761369963733,0.0,0.0,0.0,-0.9816308106560453,0.19079033406007595
1714581041105636559,786,1714581040893782100,robot/map,2.4569549326439812,1.4383127968241984,0.0,0.0,0.0,-0.9886356937098414,0.15033118479830015
1714581041166007023,787,1714581040993789655,robot/map,2.4802804694376386,1.4467425257383835,0.0,0.0,0.0,-0.9933204722140652,0.11538821205143335
1714581041236497367,788,1714581041093977210,robot/map,2.485811047286966,1.4503810649812683,0.0,0.0,0.0,-0.9965617203966323,0.08285371108227099
1714581041418123239,789,1714581041294135985,robot/map,2.478427183472486,1.4577163628274021,0.0,0.0,0.0,-0.9993394689687587,0.03634041498441395
1714581041508800016,790,1714581041393999985,robot/map,2.472469828317878,1.468373300140195,0.0,0.0,0.0,-0.9997510881187748,0.022310576086819443
1714581041639827098,791,1714581041494093430,robot/map,2.5038388500344517,1.4577932267635234,0.0,0.0,0.0,-0.9998461614383746,0.0175400529345763
1714581041710260329,792,1714581041594008875,robot/map,2.5162144715814097,1.4557257822953116,0.0,0.0,0.0,-0.999921771148445,0.012508060735252473
1714581041831151547,793,1714581041693486320,robot/map,2.5096345902603248,1.45853594781947,0.0,0.0,0.0,-0.9999678018615942,0.008024664484674647
1714581041901640397,794,1714581041794020765,robot/map,2.5115524890479533,1.4653094203045014,0.0,0.0,0.0,-0.9999884460314408,0.004807057688879684
1714581042022406731,795,1714581041893428320,robot/map,2.5059971481791368,1.461235177951304,0.0,0.0,0.0,-0.9999925879734359,0.003850194565216718
1714581042092929491,796,1714581041994206765,robot/map,2.509949345145664,1.4517494004407359,0.0,0.0,0.0,-0.9999914374056198,0.004138250287543224
1714581042213792823,797,1714581042094045875,robot/map,2.518253478271956,1.4576656926522926,0.0,0.0,0.0,-0.9999975709746145,0.00220409729161889
1714581042314519959,798,1714581042193751210,robot/map,2.501319233156901,1.4585012890638316,0.0,0.0,0.0,-0.9999993953324877,0.0010996975306250256
1714581042405128802,799,1714581042294022210,robot/map,2.515477262371685,1.4588254218057792,0.0,0.0,0.0,-0.9999989214068964,0.001468735865901989
1714581042495768173,800,1714581042393939765,robot/map,2.5139323882346942,1.4589267631552265,0.0,0.0,0.0,-0.9999989579357013,0.0014436507581640826
1714581042606500387,801,1714581042494358875,robot/map,2.4992503661215535,1.4513132673131153,0.0,0.0,0.0,-0.9999976833165846,0.002152524439779622
1714581042697281092,802,1714581042594240765,robot/map,2.5065427956036013,1.4638263909965576,0.0,0.0,0.0,0.9999995666084587,0.0009310117587429052
1714581042798008529,803,1714581042694560320,robot/map,2.4980579788949675,1.4602974060260447,0.0,0.0,0.0,-0.9999998368303927,0.0005712610505172491
1714581042888693849,804,1714581042793995985,robot/map,2.5267718876233696,1.4683219036451647,0.0,0.0,0.0,-0.9999995059778825,0.0009940040195850403
1714581042989438917,805,1714581042894155430,robot/map,2.5233982683900416,1.4826579472373331,0.0,0.0,0.0,-0.9999991255126472,0.0013224877847055063
1714581043090485611,806,1714581042994364650,robot/map,2.5390293204959717,1.5087193726432915,0.0,0.0,0.0,-0.9999988101461642,0.0015426296560951663
1714581043191443173,807,1714581043094088430,robot/map,2.562608001594748,1.5286336423870346,0.0,0.0,0.0,-0.9999870417153178,0.005090815401017063
1714581043292141840,808,1714581043193670430,robot/map,2.5825157255193507,1.5459157432356163,0.0,0.0,0.0,-0.9999477088594475,0.010226414168297792
1714581043402952499,809,1714581043294009875,robot/map,2.5975171554415377,1.60113504845491,0.0,0.0,0.0,-0.9999715878555787,0.007538135153512947
1714581043493544974,810,1714581043394115210,robot/map,2.6374530690492732,1.623583285631317,0.0,0.0,0.0,-0.9999719868487636,0.007485019554819555
1714581043755517276,811,1714581043593068985,robot/map,2.6528010998087717,1.6432966469712167,0.0,0.0,0.0,-0.9999681980432571,0.007975142764947787
1714581043815919059,812,1714581043693545985,robot/map,2.6493216486926956,1.6472992949551568,0.0,0.0,0.0,-0.9999805736971698,0.006233155563531514
1714581043906576613,813,1714581043793581430,robot/map,2.667177425699548,1.6480538200513786,0.0,0.0,0.0,-0.9999708124947042,0.007640298337182544
1714581043997179950,814,1714581043893563320,robot/map,2.649048868405095,1.6523396414357567,0.0,0.0,0.0,-0.9999872379641257,0.005052119246316922
1714581044198494740,815,1714581044093544320,robot/map,2.6610415249628727,1.647022569937568,0.0,0.0,0.0,-0.9999722975585973,0.007443394076641
1714581044289179532,816,1714581044193745430,robot/map,2.6507814047111693,1.6643604969014452,0.0,0.0,0.0,-0.9999973252795968,0.0023128842712581755
1714581044389887385,817,1714581044293469765,robot/map,2.668025548620368,1.6485456906178697,0.0,0.0,0.0,-0.9999730253915523,0.007344963530600361
1714581044500674136,818,1714581044393469765,robot/map,2.646621692061461,1.6598984614681094,0.0,0.0,0.0,-0.9999902014200086,0.004426857121109179
1714581044641683928,819,1714581044493368210,robot/map,2.6457468775582096,1.6630493088260871,0.0,0.0,0.0,-0.9999923370245228,0.003914829783412827
1714581044712134051,820,1714581044593602320,robot/map,2.6530519150427154,1.6514170898753522,0.0,0.0,0.0,-0.999982438971012,0.005926360568364941
1714581044802662228,821,1714581044693449210,robot/map,2.659636717805225,1.6478391308476323,0.0,0.0,0.0,-0.9999752355083361,0.007037639522430525
1714581044893334272,822,1714581044794157875,robot/map,2.6486504517905796,1.6567708479613987,0.0,0.0,0.0,-0.9999861318734166,0.005266503663909924
1714581044994080620,823,1714581044894102430,robot/map,2.651411939837545,1.6457121896624791,0.0,0.0,0.0,-0.9999618858707441,0.00873079640267029
1714581045245750833,824,1714581045094081765,robot/map,2.6470584075731014,1.625946894538535,0.0,0.0,0.0,-0.9999594042630263,0.009010539713778746
1714581045286062917,825,1714581045194473765,robot/map,2.6124993718432505,1.5914947037304692,0.0,0.0,0.0,-0.9999018801780227,0.01400821246465846
1714581045416894435,826,1714581045293934210,robot/map,2.5980465456943045,1.5577452678725785,0.0,0.0,0.0,-0.9998365227835612,0.01808114233330658
1714581045507499606,827,1714581045394296320,robot/map,2.603304837903303,1.5263128980317222,0.0,0.0,0.0,-0.9998060616320288,0.019693631555707487
1714581045608146721,828,1714581045494356655,robot/map,2.5587421851111003,1.5040825028943496,0.0,0.0,0.0,-0.9998581552130211,0.016842489543242332
1714581045688718860,829,1714581045594271435,robot/map,2.5388203001620244,1.4818684415266683,0.0,0.0,0.0,-0.9998726205777315,0.015960658477010663
1714581045799427466,830,1714581045695697325,robot/map,2.542299994988152,1.470424697559482,0.0,0.0,0.0,-0.9998578974539724,0.016857784519969814
1714581045900121637,831,1714581045795583660,robot/map,2.5291051446648614,1.4718335095482222,0.0,0.0,0.0,-0.9998780961789836,0.015613865040125218
1714581046010745323,832,1714581045896720100,robot/map,2.527980912386065,1.4683410100494307,0.0,0.0,0.0,-0.9998210483080109,0.018917488212499542
1714581046091251688,833,1714581045996755760,robot/map,2.4478392570274154,1.6704271191181317,0.0,0.0,0.0,-0.9997879699759704,0.020591626728550992
1714581046202297071,834,1714581046096015205,robot/map,2.4614216350517735,1.5822632659435252,0.0,0.0,0.0,-0.9973622024229418,0.0725853785418168
1714581046292936537,835,1714581046196637765,robot/map,2.5072778238456066,1.466573837918383,0.0,0.0,0.0,-0.9934004874098865,0.11469730430049346
1714581046393629106,836,1714581046296167210,robot/map,2.523112511448427,1.4634184562286576,0.0,0.0,0.0,-0.9885818944380832,0.150684564535358
1714581046524592919,837,1714581046396828765,robot/map,2.5071877611932654,1.474075086217512,0.0,0.0,0.0,-0.9835217466971012,0.1807898608160398
1714581046645715393,838,1714581046496047770,robot/map,2.5084797199615947,1.4717515039118074,0.0,0.0,0.0,-0.9777945243453883,0.20956590409743645
1714581046696622435,839,1714581046596996435,robot/map,2.5045177129258014,1.469412043074033,0.0,0.0,0.0,-0.9704255584096996,0.2414005708055034
1714581046787244802,840,1714581046698019435,robot/map,2.499595573847649,1.4683486009368425,0.0,0.0,0.0,-0.9615586636475645,0.27459959279705787
1714581046898000626,841,1714581046798038880,robot/map,2.5036610981608654,1.468862893258354,0.0,0.0,0.0,-0.9511757649505466,0.308649743513165
1714581047079981714,842,1714581046898535435,robot/map,2.5067696143450027,1.4638651600578894,0.0,0.0,0.0,-0.9394756650257314,0.34261563715694554
1714581047220932119,843,1714581046999658435,robot/map,2.503747601453116,1.481578752379271,0.0,0.0,0.0,-0.9288721890944254,0.37040040000913893
1714581047351839584,844,1714581047099559100,robot/map,2.5079255956273174,1.4630991358819725,0.0,0.0,0.0,-0.914197286084151,0.4052694438473904
1714581047513050180,845,1714581047199421545,robot/map,2.5029301110454734,1.469325773125756,0.0,0.0,0.0,-0.8993164008461244,0.43729853780818084
1714581047513050180,846,1714581047299763765,robot/map,2.5037540353986305,1.4719982838654788,0.0,0.0,0.0,-0.8840834930890198,0.46732898181850124
1714581047654450682,847,1714581047400192210,robot/map,2.48865611828991,1.4658492024902188,0.0,0.0,0.0,-0.8670265426055423,0.4982619536122336
1714581047795492081,848,1714581047500376655,robot/map,2.53794947463046,1.4646425204190556,0.0,0.0,0.0,-0.8478095143023864,0.5303008838936172
1714581047795492081,849,1714581047600505210,robot/map,2.505599750179855,1.472951777148617,0.0,0.0,0.0,-0.8302416314072476,0.557403653987155
1714581047926407965,850,1714581047700539655,robot/map,2.5051090467771018,1.4723458781320473,0.0,0.0,0.0,-0.8108978511228703,0.5851877263274677
1714581048017090280,851,1714581047801295210,robot/map,2.5050844247803625,1.4722126502882071,0.0,0.0,0.0,-0.7893061005143911,0.6139999020283032
1714581048137994877,852,1714581047901173765,robot/map,2.5039960574997893,1.4758831176192353,0.0,0.0,0.0,-0.7675444744316567,0.6409956940334559
1714581048188351059,853,1714581048001342545,robot/map,2.4957806038775794,1.4715082083594906,0.0,0.0,0.0,-0.7452571647990522,0.6667771429163407
1714581048409903682,854,1714581048100615765,robot/map,2.51015958487554,1.4691104678798286,0.0,0.0,0.0,-0.7199854896407047,0.6939891171386153
1714581048520597430,855,1714581048201821765,robot/map,2.498346841152249,1.4753125139667385,0.0,0.0,0.0,-0.6965259907797262,0.7175315631861227
1714581048520597430,856,1714581048302065875,robot/map,2.5017096006220534,1.464812078221826,0.0,0.0,0.0,-0.670482160228905,0.7419256518107329
1714581048570941782,857,1714581048402139210,robot/map,2.51454691459122,1.4646794555500806,0.0,0.0,0.0,-0.6439265239466336,0.7650873360329561
1714581048711958076,858,1714581048501696210,robot/map,2.502747232970013,1.4798741106941566,0.0,0.0,0.0,-0.6185626531490205,0.7857354797444523
1714581048852966678,859,1714581048601534655,robot/map,2.499619402021054,1.4642308629470029,0.0,0.0,0.0,-0.5888465591391778,0.8082448451985021
1714581049044218976,860,1714581048701873210,robot/map,2.5062487447945263,1.4686520357606223,0.0,0.0,0.0,-0.5603682012698615,0.8282436109053785
1714581049044218976,861,1714581048801959210,robot/map,2.5089502597336786,1.4578876204991538,0.0,0.0,0.0,-0.5299684775490002,0.8480173422780898
1714581049185770680,862,1714581048901852655,robot/map,2.5350405670772567,1.4754347825244762,0.0,0.0,0.0,-0.502815326547397,0.8643938612629283
1714581049458191644,863,1714581049002613100,robot/map,2.484663084596815,1.4699804987581144,0.0,0.0,0.0,-0.47353597057574864,0.8807744799725318
1714581049458191644,864,1714581049102437765,robot/map,2.5106787859267463,1.4720763547114992,0.0,0.0,0.0,-0.4410691691437937,0.8974731127063381
1714581049710285481,865,1714581049203308875,robot/map,2.5085110444760033,1.473107062638176,0.0,0.0,0.0,-0.4105692010416642,0.9118294419221226
1714581049710285481,866,1714581049402898765,robot/map,2.5079450218346078,1.4715394215877184,0.0,0.0,0.0,-0.3449193715057143,0.9386323173426872
1714581049861304327,867,1714581049503262100,robot/map,2.4968312653557927,1.4688246516655958,0.0,0.0,0.0,-0.3130767054159761,0.9497278433982432
1714581049861304327,868,1714581049603844655,robot/map,2.5032099502935745,1.4742039826029114,0.0,0.0,0.0,-0.2801384220715955,0.9599596160668618
1714581049972095192,869,1714581049704073320,robot/map,2.4944548183030193,1.477994248252145,0.0,0.0,0.0,-0.24717565144942102,0.9689706896137542
1714581050032573023,870,1714581049803799210,robot/map,2.505657106495592,1.4716766288153957,0.0,0.0,0.0,-0.21296601811965393,0.977059606741707
1714581050133422725,871,1714581049904131655,robot/map,2.497469058675606,1.4647134185852513,0.0,0.0,0.0,-0.17693388413076322,0.984222739346334
1714581050184025419,872,1714581050004268765,robot/map,2.508007506682584,1.4745916547160203,0.0,0.0,0.0,-0.14377120779966643,0.9896109537630559
1714581050325208738,873,1714581050104387100,robot/map,2.516438347296426,1.4826332966242244,0.0,0.0,0.0,-0.1105681300512844,0.9938685469502304
1714581050395830439,874,1714581050204512655,robot/map,2.517846401805034,1.4681816009614237,0.0,0.0,0.0,-0.07411417275792535,0.9972497627958647
1714581050587441057,875,1714581050405029215,robot/map,2.503130019533923,1.4730568117714917,0.0,0.0,0.0,-0.03642120957801455,0.9993365276486567
1714581050738377171,876,1714581050506366325,robot/map,2.4984787116825027,1.4744900346002712,0.0,0.0,0.0,-0.022719780413130754,0.9997418724740798
1714581050859220914,877,1714581050606603325,robot/map,2.4879108561923746,1.4737009167849247,0.0,0.0,0.0,-0.01592815259553996,0.9998731389305812
1714581050929684701,878,1714581050707357770,robot/map,2.4820778718861742,1.4720767596516968,0.0,0.0,0.0,-0.010344862212727087,0.9999464904812655
1714581051080791592,879,1714581050808162325,robot/map,2.4807672006182964,1.4672582765487026,0.0,0.0,0.0,-0.0075245907185371224,0.9999716898665274
1714581051080791592,880,1714581050908608440,robot/map,2.4857303894365623,1.4719807612689555,0.0,0.0,0.0,-0.0068663578793179015,0.9999764262868766
1714581051121077518,881,1714581051009458440,robot/map,2.487638287993148,1.4714358995356693,0.0,0.0,0.0,-0.006708462521240148,0.9999774980121309
1714581051242144762,882,1714581051110393995,robot/map,2.490109668020298,1.472441928555005,0.0,0.0,0.0,-0.00706301986025961,0.9999750565641393
1714581051352959650,883,1714581051211415660,robot/map,2.4843444966142263,1.4701259890926917,0.0,0.0,0.0,-0.005811855415451377,0.9999831110256963
1714581051423357295,884,1714581051312410770,robot/map,2.4913371224824874,1.4710638195163879,0.0,0.0,0.0,-0.0066560331608932054,0.9999778483659331
1714581051534136048,885,1714581051412665550,robot/map,2.4862561973290926,1.4803079400511088,0.0,0.0,0.0,-0.007567914367025015,0.9999713629260257
1714581051665201681,886,1714581051512709660,robot/map,2.4904465248828362,1.4680215462406445,0.0,0.0,0.0,-0.00608474924254982,0.9999814877419758
1714581051766576161,887,1714581051613756770,robot/map,2.487197121852424,1.4720321271909051,0.0,0.0,0.0,-0.005627880263153294,0.9999841633564721
1714581051857203646,888,1714581051714756660,robot/map,2.4874055533582546,1.4724124399940093,0.0,0.0,0.0,-0.00620466397445797,0.9999807508872178
1714581051978091054,889,1714581051815119550,robot/map,2.488527218427336,1.4714835879497707,0.0,0.0,0.0,-0.007208292816632331,0.9999740199198526
1714581052048621448,890,1714581051916138660,robot/map,2.4827331038517566,1.4733141159202696,0.0,0.0,0.0,-0.007105728406319105,0.9999747539932274
1714581052169525078,891,1714581052016711550,robot/map,2.489093319335504,1.4722926036622628,0.0,0.0,0.0,-0.006115108754025492,0.9999813025476658
1714581052270206902,892,1714581052117552105,robot/map,2.480606754828808,1.4656535250028713,0.0,0.0,0.0,-0.0059284576941549165,0.999982426540271
1714581052340664893,893,1714581052218545660,robot/map,2.4911655867284828,1.4716262640746847,0.0,0.0,0.0,-0.008326476905481363,0.9999653342903155
1714581052481670091,894,1714581052319205660,robot/map,2.4930849895829827,1.4620922029511116,0.0,0.0,0.0,-0.010751374038932207,0.9999422023078509
1714581052975593313,895,1714581052420378325,robot/map,2.480714246910072,1.4664984050314729,0.0,0.0,0.0,-0.0198362452813109,0.9998032423297795
1714581052975593313,896,1714581052520563215,robot/map,2.4756169032315403,1.4632781537832702,0.0,0.0,0.0,-0.0290311924676022,0.999578506103402
1714581052975593313,897,1714581052621256435,robot/map,2.478676631813758,1.4600019839346887,0.0,0.0,0.0,-0.040867230023045036,0.9991645857966762
1714581052975593313,898,1714581052721435880,robot/map,2.476521336265871,1.4543542510454812,0.0,0.0,0.0,-0.05611499089048541,0.9984243125031365
1714581053025916960,899,1714581052822426545,robot/map,2.4306425927178297,1.448971167244789,0.0,0.0,0.0,-0.07541814428608537,0.9971519961933804
1714581053086321798,900,1714581052921971100,robot/map,2.3948743153828205,1.4476973497616927,0.0,0.0,0.0,-0.09582878910707493,0.9953978316122011
1714581053197211872,901,1714581053022665655,robot/map,2.3733571423050037,1.4250692926169053,0.0,0.0,0.0,-0.11291710735933436,0.9936044116576781
1714581053338117869,902,1714581053123088765,robot/map,2.3320780113275132,1.4220771243152988,0.0,0.0,0.0,-0.13555264074869064,0.9907701456877152
1714581053398815122,903,1714581053222577990,robot/map,2.297989333253985,1.4123345838312478,0.0,0.0,0.0,-0.1575180817323875,0.9875161031230574
1714581053549994157,904,1714581053323695655,robot/map,2.276544548057729,1.3947331277280925,0.0,0.0,0.0,-0.1850388848675023,0.982731199813556
1714581053670963319,905,1714581053424372655,robot/map,2.2375747091369758,1.3774038584510215,0.0,0.0,0.0,-0.21543677975986544,0.976517789866984
1714581053791911216,906,1714581053523943100,robot/map,2.2049688028415355,1.3615034832693989,0.0,0.0,0.0,-0.2458279533200086,0.9693134773469807
1714581053842219929,907,1714581053624544655,robot/map,2.1654882765845516,1.3598212692595348,0.0,0.0,0.0,-0.2789161336530239,0.9603154639950606
1714581053882490283,908,1714581053725074655,robot/map,2.1330586355092955,1.3355750312489245,0.0,0.0,0.0,-0.3091752774114617,0.9510050724562649
1714581053983132901,909,1714581053825161875,robot/map,2.1008404268818137,1.33294601339829,0.0,0.0,0.0,-0.34216895337289244,0.9396384450136656
1714581054234871142,910,1714581053924741210,robot/map,2.0614897078134113,1.3266683100115049,0.0,0.0,0.0,-0.37260918318770453,0.9279883601663287
1714581054386351051,911,1714581054024846430,robot/map,2.0328269952550406,1.313236821059031,0.0,0.0,0.0,-0.4033655862471401,0.9150389083702949
1714581054386351051,912,1714581054124177875,robot/map,1.9953100607661836,1.3050790459666077,0.0,0.0,0.0,-0.43474289169535574,0.9005546169557737
1714581054527347470,913,1714581054324694320,robot/map,1.9360901197655245,1.2871683392918427,0.0,0.0,0.0,-0.49469968185045216,0.8690639934878567
1714581054577712494,914,1714581054425015095,robot/map,1.8851484500789102,1.2828213317696315,0.0,0.0,0.0,-0.521722828144997,0.8531150512049274
1714581054799702045,915,1714581054524773985,robot/map,1.8493774772326177,1.281085107062291,0.0,0.0,0.0,-0.5502329836372284,0.8350111758040568
1714581055071600162,916,1714581054823679985,robot/map,1.7356015453061855,1.2583822214431224,0.0,0.0,0.0,-0.6290811091071083,0.7773396671755343
1714581055484707854,917,1714581055323722430,robot/map,1.562718378118627,1.2143155302821915,0.0,0.0,0.0,-0.7479641760311997,0.6637390988739239
1714581055575321480,918,1714581055423401095,robot/map,1.528939883323765,1.2023179615147739,0.0,0.0,0.0,-0.7693658067394815,0.6388084653635289
1714581055999085262,919,1714581055823730430,robot/map,1.3770507131417096,1.166475758242403,0.0,0.0,0.0,-0.8453919738761192,0.534146431707485
1714581056109858635,920,1714581055923915875,robot/map,1.3531326184745613,1.167120383095309,0.0,0.0,0.0,-0.8631603270583029,0.5049299454306543
1714581056220713960,921,1714581056023602320,robot/map,1.307537972703714,1.1691814229682729,0.0,0.0,0.0,-0.8788968105173947,0.4770119458277234
